Dim,Sparsity,denseMatrixDotMatrix,denseMatrixDotVector,denseMatrixDotVectorFlattened,inversionTimeDense,inversionTimeDenseToSparse,inversionTimeSparse,inversionTimeSparseCSC,inversionTimeSparseToDense,inversionTimeToDenseSplit,sparseMatrixDotMatrix,sparseMatrixDotVectorWithScipySparse,sparseSubsetFI,sparseSubsetIX
100.0,0.1,0.00022600000374950469,2.899998798966408e-05,2.7999980375170708e-05,0.0012129999813623724,0.003647999998065643,0.18393199999999954,0.1832370000000001,0.1816450000042096,0.1814329999906477,0.009339000011095777,0.00011399999493733047,0.005363000003853814,0.010915999999999926
100.0,0.2,0.00022699998226016757,3.7999998312443495e-05,2.399999999980196e-05,0.0012470000074245036,0.0036819999804720283,0.1811630000011064,0.1804950000077952,0.18130299999029376,0.18114500000956468,0.007742999994661659,0.00011100000000041631,0.0054109999909997,0.0036529999999999055
100.0,0.3,0.00022799998987466094,3.699999069795013e-05,3.399999695830047e-05,0.0012350000033620745,0.00368099998740945,0.18129399997997092,0.18069700000341984,0.1813339999935124,0.18147500000486616,0.006260000009206125,0.0001010000123642385,0.005363000018405728,0.0036380000000000297
100.0,0.4,0.00023999999999979599,3.799999999998249e-05,2.399999999980196e-05,0.0012420000000012974,0.0036750000000012046,0.18295899999999946,0.18281800000000006,0.18429499999999965,0.18432199999999987,0.0051009999999998,0.0001079999999991088,0.005478999999999346,0.003634999999999167
100.0,0.5,0.0002370000000002648,3.300000389572233e-05,2.8000009479001164e-05,0.0012149999965913596,0.003705999988596887,0.18143999998574145,0.18080400000326333,0.18124800000805408,0.18389299999999945,0.004115999996429309,9.499999999995624e-05,0.0053290000068955115,0.003673999999999289
100.0,0.6,0.0002469999890308826,3.300001844763756e-05,2.7000001864507794e-05,0.0013169999874662608,0.003749000010429881,0.1816980000003241,0.18123600000399165,0.181205000000773,0.176484999989043,0.0008149999921442942,7.199999999984996e-05,0.005278000026009978,0.0008619999999999184
100.0,0.6998,0.00023399999190587548,3.5999983083456755e-05,3.500000457279384e-05,0.0012149999965913596,0.003649000020232053,0.1833889999834355,0.18268300002091564,0.183273000002373,0.18343199999071652,0.0025989999994635573,8.800000068731606e-05,0.005248000001301989,0.003512999999999877
100.0,0.8,0.00023100001271814102,3.700001980178058e-05,3.500000457279384e-05,0.0012590000114869324,0.003649999998742715,0.1846910000022035,0.1840120000124444,0.1847280000220053,0.18475399998715147,0.0020840000070165843,8.300000000005525e-05,0.005256000004010275,0.0034929999999997463
100.0,0.9,0.00023299999884329736,3.300001844763756e-05,2.8000009479001164e-05,0.0012510000087786466,0.0036919999984093006,0.18628000000899192,0.1861969999881694,0.18868600000000013,0.1857140000065556,0.0013740000140387565,8.099999999977571e-05,0.005237999997916631,0.003369000000000177
200.0,0.1,0.005633999999993478,0.0002729999978328124,0.00028900000000220416,0.014834999994491229,0.060335000001941815,1.1588699999847452,0.9225000000005821,0.8450159999920288,0.8385419999976875,0.038533999999998514,0.00014399999999881177,0.0037520000000057507,0.0036360000000001946
200.0,0.2,0.0024180000182241197,0.0001320000000006871,0.00014200000441633165,0.007039999999999934,0.028611999994609505,1.157231999997748,0.6361210000177379,0.3954619999858551,0.39543000000412576,0.051258000000000685,0.00022700000000241968,0.006239000000000772,0.006151999999996605
200.0,0.3,0.0023860000073909764,0.00012599999899975958,0.00013500000932253897,0.006847000000000493,0.02863499999511987,1.1593830000201706,0.6352289999776985,0.3957829999853857,0.3965019999886863,0.04047500000000071,0.0002059999969787896,0.0061309999999998865,0.006119999999999236
200.0,0.4,0.004478999995626509,0.00030300000798888505,0.00030799998785369104,0.015433999986271376,0.06830299997818656,1.1610960000000006,0.636028000008082,0.8254739999974845,0.8378599999996368,0.018771999995806254,0.00011300000187475234,0.003552000009221956,0.006119000000001762
200.0,0.5,0.0019680000000015237,0.00013300000864546746,0.00011799999999695389,0.00696800000150688,0.028432999999495227,1.6306269999913638,0.6187340000178665,0.4014560000000032,0.4007640000000024,0.02305799999157898,0.00017699999443721026,0.005834000010509044,0.006130000000002411
200.0,0.6,0.002486999990651384,0.00012799999967683107,0.00012799998512491584,0.006949999980861321,0.028825000015785918,0.3969050000014249,0.3958120000024792,0.3978669999924023,0.3994939999975031,0.016607000000000482,0.00015600000000048908,0.005699000001186505,0.005698000000000647
200.0,0.69995,0.0023890000011306256,0.00012599999899975958,0.00011399999493733047,0.0068259999970905465,0.028183999995235364,1.1696639999863692,0.6325179999985266,0.3969050000014249,0.3940809999999999,0.011363999976310879,3.599999999792658e-05,0.005598000003374182,0.0013919999999991715
200.0,0.8,0.002429999993182719,0.00013099999341648072,0.00013299999409355226,0.0069950000033713895,0.028667000005953014,1.1903540000203066,0.6232130000134929,0.4040730000124313,0.4026630000153091,0.007524000015109778,0.0001230000052601099,0.005543000006582588,0.005333999999999507
200.0,0.9,0.0024319999999988795,0.00012499999999704414,0.00012199999999751299,0.007215999999999667,0.028953999999998814,1.3351129999999998,0.25151000000000323,0.14453800000000427,0.10525100000000263,0.0010219999999989682,2.599999999830516e-05,0.0012660000000010994,0.001193999999998141
300.0,0.1,0.008367000000006897,0.00023000000000195087,0.00016000000000815362,0.01803300000000263,0.06336399999999287,2.1185759999999902,0.6966050000000052,0.7026850000000024,0.6950150000000122,0.20776100000000491,0.0004459999999966157,0.0074720000000070294,0.009905000000003385
300.0,0.2,0.008866999996826053,0.0002169999999992456,0.00015399999392684552,0.018038999999994587,0.06285600000000358,1.6528499999985795,0.6758649999974295,0.6961560000000021,0.6919919999999989,0.16603900000000493,0.0004210000000028913,0.007277999999999452,0.01006299999999527
300.0,0.3,0.0090970000019297,0.00022499999998615294,0.00016800000000216644,0.01812699999999268,0.06528899999999282,1.6533959999796934,0.6869520000000051,0.6924099999999953,0.6829440000000062,0.13249600000000328,0.0003729999880306423,0.011762000000004493,0.012499000000005369
300.0,0.4,0.008053999999994229,0.00022200000000083262,0.00016100000357255342,0.016370000012102537,0.06279100000392646,1.6534839999803808,0.6708700000017416,0.6757310000248253,0.6764770000008866,0.09787699999287723,0.0003260000084992498,0.006797999987611547,0.00994999999999635
300.0,0.5,0.008029999997233972,0.00022599999999783907,0.00015300000086426735,0.016478000005008653,0.06265499998698942,1.875553999999994,0.6734209999995073,0.6772469999996247,0.6756029999814928,0.0712340000027325,0.0002930000191554426,0.006588999996893108,0.023893999999998528
300.0,0.6,0.008847000004607253,0.0002229999954579398,0.00016000002506189048,0.017220000008819625,0.06270799999765586,2.141571999993176,1.6292989999928975,1.6357500000158325,1.6359260000172071,0.11963800000376068,0.0006410000205505638,0.015153000014834106,0.009470999999997787
300.0,0.6999777777777778,0.008257999999997878,0.0002169999999992456,0.00014700001338496804,0.016411999997217208,0.06275599999935366,1.6721130000078115,0.6737779999966733,0.6774609999847598,0.6788959999976214,0.03191299999889452,0.00021600000036414718,0.006105000007664785,0.008876000000000772
300.0,0.8,0.018528000000515014,3.900000592693687e-05,3.300000000194814e-05,0.018098999999999414,0.0614619999999988,1.6770459999970626,0.7015680000000017,0.7076339999999988,0.7065829999999949,0.0191119999999998,0.0001850000000018781,0.005913999999997088,0.008190999999996507
300.0,0.9,0.008047000010265037,0.00022200000239536166,0.00016200001118704677,0.01656300001195632,0.06277499999850987,1.5964040000108068,0.6917260000000027,0.9604770000150892,0.6941379999916535,0.01061499999195803,0.00013800000306218865,0.005724000016925857,0.004522999999991839
400.0,0.1,0.018115999999992027,0.0003020000000049094,0.0002889999999808879,0.03600099999999884,0.11782700000000546,3.1344449999999995,1.2794590000000028,1.0387780000000078,1.0355679999999836,0.4847100000000069,0.0007499999999822649,0.0090110000000152,0.015209999999996171
400.0,0.2,0.018429999996442348,0.0002920000000017353,0.00029900000001248367,0.03469900001073256,0.11585899998317473,1.941376000002492,1.0295130000000086,1.6696139999839943,1.032418999999976,0.3872090000000128,0.0008319999906234442,0.009107000005315058,0.015557999999998628
400.0,0.3,0.02046600000176113,0.0003029999934369698,0.0003429999924264848,0.03475799999432638,0.11629700000048615,1.9370880000060424,1.0145710000069812,1.0138589999987744,1.0129009999800471,0.2996419999981299,0.0005919999999832728,0.008332999999993262,0.015477000000004182
400.0,0.4,0.019415000000009286,0.00030100000000743416,0.0003009999999790125,0.03477199999906588,0.11558599999989384,1.94468099999358,1.0307280000000103,1.0416919999999834,1.01432700001169,0.2251689999975497,0.0005300000193528831,0.00795800000000213,0.015502999999995382
400.0,0.5,0.02067499997792765,0.00030700000934302807,0.0003429999924264848,0.034868000002461486,0.11849399999482554,1.9425060000212402,1.5806940000038594,2.4370589999889494,2.438801999989664,0.3522930000035558,0.0017710000101942573,0.01937199998064898,0.015858000000008587
400.0,0.6,0.02065399999264628,0.0003009999927598983,0.000350000016624108,0.037057000000004336,0.12309600000000387,1.9443539999920176,1.00361499999417,1.0101209999993443,1.0099670000054175,0.1108049999747891,0.0006409999914467335,0.007732000027317555,0.014488000000000056
400.0,0.6999875,0.02064899998367764,0.0002930000046035275,0.0003020000000049094,0.03470800002105534,0.11587799998233095,2.8789359999937005,2.4433330000028946,2.2454120000038533,1.0223039999982575,0.06996500000241213,0.0003200000000020964,0.006788999999997714,0.013653000000005022
400.0,0.8,0.04091300000000332,0.0005440000095404685,0.00047199998516589403,0.08108899998478591,0.19422600000000045,1.9708399999944959,1.0259950000036042,1.0338470000133384,1.6399640000017826,0.09307100001024082,0.0005620000000021719,0.015180999999998338,0.030054999999990176
400.0,0.9,0.02065200000001255,0.00032100000001378254,0.0003379999999992833,0.03502800000001116,0.11756600000080653,1.9949780000024475,1.042247999997926,1.0482020000054035,1.0479990000021644,0.02065799999400042,0.0002659999881871045,0.006865000000004784,0.011764999999996915
500.0,0.1,0.04148099999997612,0.00035200000002078013,0.0003829999999993561,0.06559699999996838,0.20263899999997648,2.3046470000000454,1.4831269999999677,3.6165159999999914,3.152953000000025,0.6700629999999705,0.0010949999999638749,0.011067999999966105,0.022770999999977448
500.0,0.2,0.04016900001442991,0.0003629999991972,0.0003629999991972,0.060177000006660826,0.1870179999968969,2.3422589999972843,1.754480000003241,3.53974899998866,2.7390939999999944,0.6559669999987818,0.0009660000068834053,0.012735000025713816,0.054171999999994114
500.0,0.3,0.0414079999999899,0.0003679999790620059,0.0004469999985303729,0.06764100000003738,0.1999210000000176,2.336752000002889,1.4683310000000065,3.350215999991633,1.9032899999874644,0.5755710000230465,0.0008789999999976318,0.010316000028979031,0.022761000000002696
500.0,0.4,0.04017899997415952,0.0003600000054575503,0.0004430000117281453,0.06130400000256486,0.18678299999737646,2.334856999994372,2.6369209999975283,2.689006000000518,1.9821679999877235,0.4323319999966769,0.0008070000039879233,0.0097949999908451,0.05457899999998972
500.0,0.5,0.04005999999935739,0.0003699999942909926,0.0004400000034365803,0.060044000012567274,0.1866230000014184,2.3444739999977173,1.4940699999999936,1.6225019999837968,1.4762740000151098,0.3097469999920577,0.0007469999982276931,0.009201000008033587,0.06334399999997231
500.0,0.6,0.047841000006883405,7.400000001211994e-05,6.200000643730164e-05,0.0616720000107307,0.187767000000008,2.353097000013804,1.4822429999912856,1.5120810000000233,1.8784579999919515,0.2117549999999824,0.0007219999970402569,0.008592999991378747,0.02112600000000953
500.0,0.6999920000000001,0.04000999999698252,0.0003629999991972,0.0003859999997075647,0.06010299999616109,0.1897659999958705,2.337616999982856,2.8813219999999826,2.90012299999944,1.7595640000000117,0.13663499999998407,0.0006870000070193782,0.011887999999999007,0.024922000000003663
500.0,0.8,0.04017100000055507,0.0003609999999980573,0.0003890000000126293,0.06476399999999671,0.1858910000009928,2.6834749999999867,3.5867369999905354,2.829197999999991,1.5118500000000097,0.07093699999677483,0.0005499999970197678,0.007455999992089345,0.018083999999987558
500.0,0.9,0.04020899999886751,0.0003739999956451357,0.00044299999717622995,0.0601629999873694,0.18654199999582488,2.4021190000057686,2.0339819999999804,3.650393999996596,3.2781499999982766,0.0832409999999868,0.0005209999999920001,0.015189999999989824,0.03819599999999923
600.0,0.1,0.07136799997533673,0.0007179999956861137,0.0005169999785721302,0.10144100000616164,0.2819959999760613,4.1690510000000245,4.291547000000719,2.0399390000000044,2.023574999999255,0.7787530000059633,0.0015420000127051026,0.013743000000033593,0.032807999999988624
600.0,0.2,0.05524100000002363,0.00023299999998016569,0.017246000000000098,0.10054300000001604,0.2943309999999997,3.038139000000001,2.119942999999978,2.1081330000000094,4.620267000000013,0.7304559999999469,0.0033189999999763127,0.02987999999999147,0.0755980000000136
600.0,0.3,0.07131299999309704,0.0007009999826550484,0.000606999994488433,0.10025600000517444,0.2817299999878742,2.862661999999545,2.101331000000016,4.4159100000106255,2.9556869999999558,0.6450360000017099,0.001213999988976866,0.01260199999995848,0.032891000000006436
600.0,0.4,0.07051299999875482,0.0006949999951757492,0.0005119999987073243,0.099447999993572,0.2813709999900311,2.92472799999814,3.8819540000000083,3.715142000000924,2.1202329999999847,0.5884800000058021,0.001180000021122396,0.011721999966539444,0.03172800000004372
600.0,0.5,0.07300700000001825,0.0005349999992176888,0.0005210000090301037,0.1185570000000098,0.3104720000000043,4.951509000005898,2.0970300000000184,2.0751040000177454,2.4769039999955567,0.5185779999999909,0.0010070000134874137,0.010902000009082258,0.030838000000073862
600.0,0.6,0.07528499999898486,0.0009180000051856039,0.0011750000000461116,0.12065599999999675,0.3066469999999981,4.753066000000048,2.0491310000000453,2.0915200000000027,2.077611999993678,0.35162200000195304,0.0008020000095712021,0.009919000032823531,0.0780709999999658
600.0,0.6999944444444445,0.07317300000005389,0.0005530000053113326,0.0005030000029364602,0.12101899999998975,0.3079199999999673,2.89438899999368,3.7465270000102464,3.2537739999970654,2.1355749999999603,0.2141659999906551,0.0005909999999857972,0.008354999999994561,0.0268989999999576
600.0,0.8,0.16222199999901932,0.0008669999951962383,0.001117000007070601,0.22958299999299925,0.6557349999930011,4.1865620000171475,2.043705999996746,2.049563999986276,2.1509660000000395,0.11576999999999772,0.000436999999976706,0.007597999999973126,0.0247529999999756
600.0,0.9,0.07093600000371225,0.000514000013936311,0.0005729999975301325,0.1003340000170283,0.27916500001447275,3.367051000000004,2.09572000001208,2.162902999999972,4.529043999995338,0.12701799999922514,0.0006399999999757711,0.015855999999985215,0.05405400000000782
700.0,0.1,0.11066500000003998,0.0012150000000019645,0.0011439999999538484,0.17425100000002658,0.4250569999999243,6.7831200000000536,2.9830100000000366,2.8769780000000083,6.021286000000032,0.6955649999999878,0.004909999999995307,0.04050300000005791,0.0986440000000357
700.0,0.2,0.11008399998536332,0.0018059999856632203,0.0011480000102892518,0.1554609999875538,0.40508100000442937,3.5655189999961285,3.811426999993273,5.65983600000004,2.903014999999982,0.8015169999853242,0.001892999978736043,0.015206999999918482,0.04379000000005817
700.0,0.3,0.2573350000020582,0.0013790000000426517,0.0020809999999755746,0.15516999998362735,0.4053989999956684,3.512234999987413,3.9380610000000615,5.4651629999999605,2.8619909999979427,0.7033090000040829,0.0017119999974966054,0.014300999988336116,0.0434819999999263
700.0,0.4,0.11013699999602976,0.001216999999996915,0.0011439999798312785,0.15536099998280406,0.4097450000117533,3.5302129999909084,6.136692000000039,6.7303959999990175,3.0403530000039614,0.6235169999999925,0.000371999999970285,0.012986000016098842,0.030724000000077467
700.0,0.5,0.11107799998717384,0.001197999983560294,0.001100000023143366,0.15314600001147485,0.4104230000084499,3.48556900001131,6.514222000000018,2.8430999999982305,2.8194640000001527,0.7019520000000057,0.0011930000000575092,0.011549000017112121,0.04127699999992274
700.0,0.6,0.2587729999795556,0.0013679999974556267,0.0017530000186525285,0.3469639999966603,0.9230749999987892,3.5521440000156868,3.6948849999999993,5.129175999987638,2.8847880000000146,0.4876990000047954,0.0010609999999928732,0.010795999999970718,0.039562999999986914
700.0,0.699995918367347,0.1099629999953322,0.0012189999999918655,0.0011190000077476725,0.15658099998836406,0.4055629999929806,4.902630000000045,2.938122999999905,4.631454000000018,4.347255000000587,0.33060200000181794,0.0008059999963734299,0.009560000005876644,0.03623800000002575
700.0,0.8,0.1130099999999743,0.0013340000004973265,0.0011790000000360126,0.17206399999997754,0.4295380000000364,3.724885999996332,5.8816249999799775,3.0002470000000017,3.002299999999991,0.17348799998580944,0.0008369999995920807,0.009028999999998177,0.033925000000010634
700.0,0.9,0.1100989999831654,0.0011759999999867432,0.001129999989643693,0.15482700000006844,0.4061260000162292,6.896240000001852,3.4555210000107763,2.984608999977354,6.167896999999982,0.0983850000000075,0.0012470000000348591,0.018246999999973926,0.07120100000008732
800.0,0.1,0.16172500000004675,0.0016629999881843105,0.002337000000011357,0.21892600000137466,0.5525239999988116,5.303367000000435,7.052486999999927,3.9723609999928167,7.604796999999963,1.1351250000006985,0.002793999999994412,0.02031900000008591,0.05643099999997502
800.0,0.2,0.16313300000001618,0.002744000000006963,0.002635000000054788,0.2443329999999833,0.5864239999999654,6.895682999999963,3.875864999999976,7.549011000000062,3.942005999999992,1.3716269999999895,0.0024280000000089785,0.01855899999998201,0.057534000000032386
800.0,0.3,0.1617509999923641,0.002060999999912383,0.002269999997224659,0.21894500000053085,0.5474929999909364,5.225135999993653,6.762619999994057,3.8833270000000084,7.444832000000019,1.3091730000160169,0.0049270000017713755,0.02728000000934116,0.021793999999886186
800.0,0.4,0.1616910000157077,0.0016810000233817846,0.002259000000776723,0.21883499999239567,0.545060000004014,5.034476000000723,4.8314509999909205,6.633212999993702,4.142895999999952,0.906145999993896,0.0018890000000055809,0.015363000000093054,0.057426000000077686
800.0,0.5,0.16176600000471808,0.002382000006036833,0.0022690000187139962,0.21836500000790693,0.5439089999999851,6.413995999999997,5.487680999999952,4.575276000000031,6.882261999999969,0.5288819999999532,0.0016479999903822318,0.013544000000138112,0.0548159999998461
800.0,0.6,0.16167300000961404,0.0017439999999169233,0.0022380000009434298,0.2186140000121668,0.5470769999956246,7.892048000008799,3.9416729999999234,3.919278999994276,3.986119000000031,0.4695819999906234,0.0013020000042160973,0.012061999999900763,0.051684000000022934
800.0,0.699996875,0.16182100000150967,0.002489000005880371,0.002315999998245389,0.21868499999982305,0.5483609999937471,8.195988999999827,4.3965870000000695,6.216226000000006,5.420859999999949,0.4045549999864306,0.0009699999936856328,0.010467999993124977,0.047893000000044594
800.0,0.8,0.3697740000206977,0.0020210000220686197,0.002903000015066937,0.4973870000103489,1.261923999991268,8.249157999999966,3.9898129999928633,4.022179999999935,4.611288999999943,0.1506589999771677,0.001588999992236495,0.01973800000268966,0.042749999999955435
800.0,0.9,0.16572400000006834,0.0017639999999801148,0.002457999999933236,0.26490400001057424,0.5907440000000861,8.131644000008237,4.156923999995343,6.663267000010817,4.208300000000008,0.10497999998915476,0.0004079999926034361,0.007456999999703839,0.03773999999998523
900.0,0.1,0.2285669999998845,0.002341999992495403,0.0028789999998934945,0.31298299998161383,0.7321700000029523,9.030659999999898,5.226852000000008,5.837937000003875,7.99451700001373,1.5669590000034077,0.0019720000000233995,0.014284000000088781,0.04130299999997078
900.0,0.2,0.22850500000004104,0.0022579999931622297,0.0028560000000652512,0.3133559999987483,0.7319850000058068,8.958094999999958,5.178208999999924,5.177651000005426,8.793590999994194,1.1534959999844432,0.003080000009504147,0.02197400000295601,0.04154400000015812
900.0,0.3,0.22798699999998465,0.0019049999998514977,0.0028749999999035936,0.3124410000000353,0.7322839999999359,7.0317179999999535,10.710669000000053,5.476131000000123,8.780023000000027,0.8890619999999672,0.002715999999963969,0.019706000000041968,0.07306500000004235
900.0,0.4,0.2263700000000881,0.0022400000016205013,0.002844000002369285,0.313748000015039,0.7326620000239927,8.300700000021608,6.147486000001662,8.655046999999968,7.400462999999945,1.1579400000046007,0.0013559999933931974,0.010861999995540828,0.04175600000007762
900.0,0.5,0.22830300001078285,0.0023449999862350523,0.002788000000009561,0.31329700000060257,0.7387959999998657,9.145553000009386,6.2871529999999884,8.210121000010986,7.310644999990473,0.7195860000210814,0.0019470000000865184,0.015671999999881336,0.06960300000002917
900.0,0.6,0.2286699999999655,0.0020020000001750304,0.0027769999869633466,0.31329399999231106,0.7316460000001825,7.76290099999983,6.393868999999995,8.830950000003213,5.989409000001615,0.6869539999897825,0.0015610000000378932,0.013662000000067565,0.06555299999990892
900.0,0.6999975308641976,0.22868000000016764,0.002452000000630505,0.00290099999983795,0.3136869999871124,0.7318569999999909,6.277531999999838,8.240865999999869,7.206371000007491,7.300617000000784,0.3289290000000165,0.0012879999999313438,0.011976999999887994,0.060842999999749736
900.0,0.8,0.2286840000015217,0.00225499999942258,0.0028089999977964912,0.3133769999840297,0.7293639999988955,8.871980000010806,5.709393999990425,8.94657400000142,6.069570999999996,0.2084340000001248,0.0005049999890616164,0.005940000002738088,0.03246599999999944
900.0,0.9,0.2284010000003036,0.002261999994516373,0.002788999999893349,0.3134260000078939,0.7317679999978282,9.40130900000804,5.322258000000146,8.998790999990886,7.3724760000186516,0.08494800000005398,0.0004549999999881038,0.005139999999983047,0.028488999999922267
1000.0,0.1,0.2326379999999517,0.002035999999861815,0.0021329999999579736,0.9926299999999628,2.1202290000001085,12.485243999999964,10.08075000000008,7.368043999999827,9.382611999999881,1.7162909999999556,0.0042889999999715656,0.02818999999999505,0.08748900000023241
1000.0,0.2,0.30352299999503884,0.003245999978389591,0.0035199999983888115,0.4239999999990687,0.9824339999904624,10.329263999999966,10.25268700000015,9.655405000012252,10.178952999999863,1.3700710000121037,0.0008619999862276018,0.006158000000141328,0.020852999999988242
1000.0,0.3,0.3035339999998996,0.003628999984357506,0.0035100000095553696,0.4285700000036741,0.9779390000039712,10.295301000005566,9.078873999998905,9.864719999999807,9.70029799999611,1.2366389999806415,0.0018890000064857304,0.013612000009743495,0.05227700000000368
1000.0,0.4,0.2254160000011325,0.002106999992975034,0.0020939999958500266,0.9562690000020666,2.099825999990572,10.41828899999382,10.230435000004944,7.936405000000378,8.668872999987798,0.833202000008896,0.002873999997973442,0.020900000003166497,0.05215500000008433
1000.0,0.5,0.2347679999998036,0.0021059999999124557,0.0020969999895896767,0.8844380000000456,2.0741179999895394,10.331329999999982,10.184867999982087,8.678413999999975,8.821365000010701,0.609184999979334,0.0024330000001100416,0.01823599999988801,0.08610700000008364
1000.0,0.6,0.3034969999862369,0.0035789999819826326,0.002060999999912383,0.4216090000118129,0.968139999982668,10.411450999999943,9.17715300000009,7.602579000000105,10.405278999999835,0.408055000000104,0.0010990000155288726,0.00930000000516884,0.08121000000005553
1000.0,0.699998,0.2437600000000657,0.0021129999950062484,0.0021180000039748847,0.9362810000020544,2.0608859999999822,10.498377999989316,8.546469000008074,10.4409949999972,11.093818000008467,0.3076939999882597,0.0003859999997075647,0.003335999994305893,0.017368999999916927
1000.0,0.8,0.30368499999985943,0.0020419999927980825,0.0020619999995687976,0.4234800000001542,0.9773769999999332,11.136329000000842,10.405360999982806,8.897235999989789,9.799173999999994,0.27850800000305753,0.0010210000000370199,0.010921000000053029,0.06763699999987692
1000.0,0.9,0.2319829999999001,0.0020819999917875967,0.00207500000010441,0.9590050000115298,2.094519999984186,12.520965999999815,8.45676000000094,8.716147000013732,9.437112000014167,0.11013200000161304,0.0003300000000763248,0.005132999998750165,0.03476100000011684
1100.0,0.1,0.41195799999968585,0.00409799999988536,0.004186000000117929,0.5714880000000448,1.2353360000001885,12.140362999999981,11.88159799999994,12.092795999999908,12.09534900000017,2.9012870000001385,0.0028790000001208678,0.019222999999783497,0.06306500000027881
1100.0,0.2,0.31293399998685345,0.002515000000130385,0.0025610000011511147,1.2579919999989215,2.353570999985095,12.55085199999985,12.112217000001692,12.131798999995224,8.907841000007465,2.2965610000001107,0.0025970000001507287,0.01794599999266211,0.06345399999963773
1100.0,0.3,0.4111100000154693,0.002517000000807457,0.002596999998786487,0.5577749999938533,1.256509000000051,14.292723999999907,12.077346000005493,12.142605000000913,12.138404999976046,1.4074170000001232,0.004095000000006621,0.027767000000039843,0.04003499999998894
1100.0,0.4,0.31285400000342634,0.002401999998255633,0.002521000000115237,1.262455999996746,2.354107999999542,12.951393999999935,12.045436000000336,11.177760999999919,11.134361000000126,1.0828089999999977,0.001955999999836422,0.014333000000078757,0.06459799999993265
1100.0,0.5,0.41113100000075065,0.0035579999967012554,0.0041670000000522105,0.7456329999999979,1.228078000000096,12.035834999987856,12.051982999997563,11.001892000000224,12.102940000011584,0.7347829999998794,0.002824000000146043,0.020784999986062758,0.03671500000018568
1100.0,0.6,0.3128209999995306,0.002445999998599291,0.002514000007067807,1.2504490000137594,2.3540450000145943,12.125311000010695,11.271017999999454,11.718319999999947,11.13730600000008,0.4722400000027847,0.002310999989276752,0.01773900000262074,0.059201999999913824
1100.0,0.699998347107438,0.4110639999998966,0.0023880000001099693,0.004172999993897975,0.5540049999981421,1.2179579999938142,12.170024000000012,12.196220999999928,11.032623000006422,11.264451000000005,0.5519440000061877,0.0010070000000723669,0.008939000000054875,0.05450100000007296
1100.0,0.8,0.31272200000239536,0.0024560000019846484,0.0025319999986095354,0.5732789999999568,1.8352309999754648,14.449517999999898,12.242729999998119,12.316701000003375,12.262042999999947,0.1469259999867063,0.001185000000987202,0.012369999996735714,0.01910700000007637
1100.0,0.9,0.3131320000102278,0.0024559999874327327,0.0024950000079115853,1.2621579999977257,2.3528599999990547,14.513809000025509,12.009233999997376,12.189187999989375,12.394865000009306,0.07297099998686463,0.0006540000031236558,0.009015000017825514,0.016125999999985652
1200.0,0.1,0.39410799999996016,0.0027770000001510198,0.003034000000297965,1.6696999999999207,2.3549259999999776,14.319490999999745,17.932096999999885,17.60494400000016,14.183394000000137,2.948913000000174,0.0014210000003913592,0.008638000000246393,0.03004899999996269
1200.0,0.2,0.3802629999991041,0.0047239999998964785,0.004879000000073575,0.7335419999999431,1.5236049999998609,16.123069000000214,14.170668000006115,17.39545399998315,13.442136000012395,2.3524219999962948,0.0012799999967683107,0.007918999996036291,0.030185999999957858
1200.0,0.3,0.37200399998982897,0.002876000013202429,0.0028919999895151705,0.7375010000000657,1.5240029999999931,14.158909000000222,14.361241999999947,14.156692000018664,14.508369000002856,1.826987000007648,0.0011209999997845443,0.007136000000173227,0.02975199999991673
1200.0,0.4,0.3826720000070054,0.004704000006313436,0.0047670000058133155,0.7189030000008643,1.4992670000065118,14.218673999999735,14.190588999976173,15.083574999996927,14.629503000000115,1.3528749999968568,0.0009639999998398707,0.0062569999863626435,0.029704999999921718
1200.0,0.5,0.3739040000073146,0.002837999985786155,0.0029689999937545512,1.6099820000090403,1.499674000000141,15.476068999996645,14.716852000000017,14.66022999997949,16.736000999982938,0.9540940000006228,0.0007929999992484228,0.005614000000150554,0.029021999999713444
1200.0,0.6,0.3835440000111703,0.004783000000315951,0.00479300000006333,1.6148029999894788,1.5264229999997951,14.692497999999885,14.280134999979055,17.731901999999536,15.557432000001429,0.6134000000001834,0.0006379999977070838,0.004669000016292557,0.027434999999968568
1200.0,0.6999986111111111,0.3940899999870453,0.002818999999817607,0.002872999999908643,1.6232179999933578,2.353899000000183,15.608806000003824,15.397625999990847,15.656398999999508,15.264885000011418,0.3521079999918584,0.0004879999905824661,0.0039209999958984545,0.025381999999808613
1200.0,0.8,0.3807359999918845,0.0047469999990426,0.005000999997719191,0.7184069999930216,1.502429000014672,17.132068000006257,14.975514999998266,14.694260999999642,14.520877999981167,0.1742519999970682,0.00032400000009147334,0.003020999996806495,0.022868999999900552
1200.0,0.9,0.3771790000027977,0.0047309999999924895,0.0048249999999825394,1.6164470000076108,1.5213889999999992,16.459184999999707,14.512075000006009,14.538700000004606,14.530817999999273,0.06560099999978775,0.00018199998885393145,0.0022249999997256964,0.019222000000354456
1300.0,0.1,0.2515419999999722,0.000687000000198168,0.0006969999999455467,0.8922569999999723,1.8078239999999823,20.019693999999614,19.947462000000087,16.565532999999963,17.59652300000016,5.08199999999988,0.004001999999672989,0.025143000000298343,0.08935699999983626
1300.0,0.2,0.2452060000000529,0.005632000000332482,0.005723999987822026,0.8917919999998958,1.8284569999996163,19.830451000001627,19.315423000021838,20.056904999999915,17.936309000000165,3.001803999999538,0.0014030000020284206,0.008828000005451031,0.09080299999959608
1300.0,0.3,0.24469100000032995,0.0055969999998524145,0.005760000000009313,0.8917569999903208,1.8288679999968736,17.477236000006087,18.245720000006266,16.79343799999333,19.19194400002016,2.3139209999999366,0.0012390000047162175,0.008017999999992753,0.03544899999997142
1300.0,0.4,0.2460290000017267,0.005654999986290932,0.005714999977499247,1.7338559999998324,1.8268220000027209,19.52008499999647,19.01624600001378,16.51072200000635,19.94381900000008,2.2667399999918416,0.002692000009119511,0.01823099999455735,0.03490299999975832
1300.0,0.5,0.2504530000151135,0.005558999997447246,0.005732000005082227,0.885493999987375,1.8468550000106918,16.714582999999948,19.962430999992648,16.589254999998957,20.052983000000037,1.988946000026772,0.0009739999995872496,0.006499999999959982,0.03447999999980311
1300.0,0.6,0.5059820000024047,0.003369000012753532,0.003388000011909753,0.8973909999999705,2.510238999995636,19.82551800001238,17.513218999985842,19.953436999989208,18.52152300000307,0.7895870000065771,0.0007579999996778497,0.005276999989291653,0.03267099999993661
1300.0,0.6999988165680473,0.5059540000074776,0.0033050000056391573,0.003351000021211803,0.8930550000000039,2.3299909999768715,20.074494000000414,18.042221999989124,20.620767999993404,18.034977000000254,0.4549829999887152,0.0005900000001020089,0.004354000000148517,0.030064000000038508
1300.0,0.8,0.24460599999974875,0.005642000000079861,0.0057670000001053285,0.8919980000064243,1.8209560000104832,21.107480999984546,16.903174000006402,20.21933400000853,16.918064999976195,0.2181640000053449,0.00037999998312443495,0.003333000000566244,0.027250999999978376
1300.0,0.9,0.4969599999894854,0.003228999994462356,0.003454999998211861,1.9211369999975432,2.517020999977831,20.458755999999994,16.808399000001373,20.28139499999816,17.20172199999979,0.08034600000246428,0.00020699999004136768,0.0023959999962244183,0.060553999999683576
1400.0,0.1,0.6303589999997712,0.0036350000000311407,0.003757999999834283,2.16440799999964,2.8424439999998867,26.9871460000004,20.518498999999792,22.812340999999837,22.855322000000342,5.762985999999727,0.0018380000001343433,0.011132999999972526,0.04113699999925302
1400.0,0.2,0.6305300000003626,0.003120999987004325,0.0031330000201705843,1.1122809999997116,2.112423999999919,22.058185999980196,19.73335500000394,22.854519999999862,22.761662000004435,3.7584420000057435,0.0016860000032465905,0.010003999996115457,0.04144899999937479
1400.0,0.3,0.27696600000490434,0.0031259999959729608,0.0031259999959729608,1.1007080000126734,2.109563999983948,24.494313000000147,22.53167100000428,21.38584699999774,20.789936999999554,2.890050000001793,0.0014499999961117285,0.008999999990919605,0.04166900000018359
1400.0,0.4,0.6377760000177659,0.0036309999995864928,0.003781999999773689,1.1117580000000091,2.8181920000060927,21.980405000000246,24.588986000017037,19.62881100000232,22.15063600000576,2.1442410000017844,0.0013029999972786757,0.007974000001013337,0.04109200000038982
1400.0,0.5,0.6309780000001409,0.003070000006118789,0.003085000003920868,2.1271420000121,2.7941710000013704,22.481482999995933,19.781575000000892,22.77192200000081,21.538964000000306,1.518512999988161,0.0011189999931957573,0.006982000020798296,0.0402460000004794
1400.0,0.6,0.3448869999992894,0.003167999995639548,0.003186999994795769,1.1078580000030342,2.105554999987361,23.800747999994197,22.59279900000547,22.673638000007486,22.587584999999308,0.9931959999958052,0.0008749999979045242,0.005841000005602837,0.03814599999986967
1400.0,0.6999989795918368,0.2704810000141151,0.003149000000121305,0.0031759999983478338,1.1004070000199135,2.1099059999978635,22.080467000007047,22.631262000009883,20.185223000000406,21.151766999999374,1.1725049999949988,0.0006439999997382984,0.004792999999153835,0.041132000000288826
1400.0,0.8,0.6373800000001211,0.0034739999973680824,0.0037489999958779663,2.1273590000055265,2.8208450000092853,22.73261000000639,22.63727499998641,22.70272100000875,20.70311899999797,0.3935019999917131,0.0010889999975915998,0.00933000000031825,0.08296399999971983
1400.0,0.9,0.6372320000082254,0.003570999993826263,0.00374700000975281,1.0995340000081342,2.848530999996002,26.654049999997373,21.734115999999627,23.339645999978533,25.235881999999947,0.09716400000615977,0.0005750000000261932,0.006477999981143512,0.07088399999975081
1500.0,0.1,0.3334249999998065,0.0009110000000873695,0.0009179999997286359,1.3649580000001151,2.283140999999887,24.471896000000008,25.88096599999972,29.23902100000032,27.937995000000228,6.871124999999665,0.005325000000084401,0.038035999999920016,0.04788800000005722
1500.0,0.2,0.3294469999964349,0.0035619999980553985,0.0036969999928260218,1.3621209999982966,2.2899850000103465,28.622937000007372,25.93389699999989,25.827533999996376,27.9590589999998,4.996205000003102,0.0046790000051259995,0.028999999980442226,0.04796299999998155
1500.0,0.3,0.3288079999911133,0.00358099999721162,0.0036139999865554273,1.3629519999958577,2.286826999999904,28.47730900000897,25.77563799999189,26.53185199998552,26.15777399999206,3.565930999990087,0.001648000004934147,0.010073000012198465,0.04815200000030018
1500.0,0.4,0.3290410000045085,0.0035340000031283125,0.003620999999839114,1.3622639999957755,2.2851500000106166,29.04298199998448,26.92888900000253,25.79886499999975,25.824513000000486,3.1558200000145007,0.0035670000070240353,0.022750000000087308,0.12175000000024735
1500.0,0.5,0.3246460000082152,0.00312099999973725,0.00368400001025293,1.3527279999980235,2.282288000016706,28.947518000000855,25.38121399999364,25.879140999983072,25.51554099999976,1.8629740000033053,0.001239999999597785,0.007882999998400921,0.0465939999994589
1500.0,0.6,0.3338319999993473,0.003645999997388572,0.003670999999485503,1.355665000010049,2.2893699999840464,26.063141000000535,25.47533300000032,25.52791000000434,27.541224999999947,2.0216179999988526,0.001021999996737577,0.006592000000637199,0.044143000000076434
1500.0,0.6999991111111111,0.3341450000007171,0.003687999999783642,0.0037280000105965883,1.3623749999969732,2.292482000004384,28.694797999999537,26.58697200000461,29.282150999992155,25.945708999992352,0.6984079999965616,0.000733000022592023,0.005337999999937892,0.04084599999987404
1500.0,0.8,0.783754999996745,0.003044000000045344,0.0042799999937415106,2.3969310000002224,3.1490469999998822,26.591539000000008,26.608086000000185,25.947670000000468,25.94392799999969,0.33423300000140443,0.0005320000054780394,0.0040820000003805035,0.03674799999953393
1500.0,0.9,0.7903550000000905,0.004079000000274391,0.004325000001699664,2.397433000000092,3.1493209999998726,27.459251999999648,26.45311999999103,26.640586999999872,29.18188799999189,0.1163959999976214,0.0002629999944474548,0.0027730000001611192,0.03138200000012148
1600.0,0.1,0.954971000000114,0.004611999999724503,0.005053000000771135,1.685077000000092,2.950438999999278,25.82431200000065,29.0496119999998,35.566391000000294,27.228272000000292,7.154795999999807,0.006005000000186556,0.03603000000020984,0.1396230000000287
1600.0,0.2,0.4111429999993561,0.0041110000001936,0.004203999999845109,1.6861719999997151,2.302494000000479,32.94942100001208,30.955149999994322,32.88558299999568,32.32784199999878,5.681049000006169,0.002141999997547828,0.012624000000869271,0.055533999999170185
1600.0,0.3,0.4116030000004685,0.004098999983398244,0.0041119999950751645,1.6752509999932954,2.290710000001127,33.913454000023194,32.37079600000288,32.32457899999281,29.07492900000034,4.3490290000045215,0.0018630000004122849,0.011355000024195759,0.05473499999970954
1600.0,0.4,0.4113050000014482,0.0040660000004209,0.00415900000007241,1.6618639999942388,2.296163999999408,32.49855200000002,30.913779000009534,32.894507999997586,31.275825000004268,3.2188999999998487,0.00159200000052806,0.009874999988824127,0.054347999999663436
1600.0,0.5,0.4096869999921182,0.0040169999992940575,0.0040849999932106576,1.6724480000002586,2.290710000001127,29.994799000000054,32.2301500000176,29.54155399999581,32.34823099999994,2.4468409999972205,0.0013570000000981965,0.008718000026419759,0.053034000000479864
1600.0,0.6,0.9409290000039618,0.004489999992074445,0.0040750000007392356,2.2993679999781307,3.4500349999871105,32.69724499998847,31.855928000004496,30.041194000000356,32.331124999996966,1.485536999985925,0.0011729999969247724,0.0072170000057667485,0.129877000000306
1600.0,0.69999921875,0.9384129999962172,0.003937999999834574,0.004027999995741993,2.334996999998112,3.460067000007257,29.889553999999407,30.59333799999968,32.370790999993915,30.76316900001257,0.9896450000005644,0.0020749999966938053,0.014953000005334616,0.04653000000052998
1600.0,0.8,0.4107860000003711,0.004140000000006694,0.0041379999893251815,1.6780140000000756,2.2983649999996487,32.74906699999701,33.095784999983145,29.994647999992594,31.802251000000982,0.3985340000072029,0.0005809999856865036,0.004378999990876764,0.08872399999927437
1600.0,0.9,0.9415469999948982,0.004005000009783544,0.004878999985521659,2.678213000006508,3.4454670000122865,31.37568700000065,29.68586599998525,32.18097300000045,33.10251400000016,0.13792900000044028,0.00032900000223889947,0.0030929999993531965,0.035711999999875836
1700.0,0.1,1.143235999999888,0.005101999999169493,0.005407999999079038,1.9037219999991064,3.275918999999704,37.19080499999836,36.59798499999852,36.19609399999899,37.12944900000002,8.626048999998602,0.006800999999541091,0.04034600000159117,0.15584299999864015
1700.0,0.2,1.1258709999965504,0.00496700000076089,0.0052720000003319,1.8988679999893063,3.253435999999056,34.1719860000012,34.61787000000004,34.89507500000764,38.021659,6.8132540000078725,0.0023959999962244183,0.014050999976461752,0.062334000000191736
1700.0,0.3,1.1344010000029812,0.004161000004387461,0.004569999990053475,2.9178100000008267,3.7208660000032983,36.13741699999992,39.29857300000003,36.50648399999773,38.406004999997094,5.244474999999512,0.0020840000070165843,0.01248999999370426,0.062497000000803375
1700.0,0.4,0.4813149999990856,0.004541000002063811,0.0054059999820310605,1.9103719999984603,2.3825809999998455,37.04074799999944,37.62394599999243,33.73144400000456,38.32042999999976,3.8743140000151466,0.001787000015610829,0.011155999993206931,0.061983999998119536
1700.0,0.5,0.4783709999755956,0.0046199999924283475,0.004501999996136874,1.86983299998974,2.321118000007118,38.02169500000309,36.14921099999992,36.22075800001039,37.33475600000021,2.716934999989462,0.0015509999939240515,0.009724999996251428,0.15431600000010806
1700.0,0.6,1.0041049999999814,0.004586000000927015,0.00449299999854702,1.8993890000001559,2.3926449999999018,37.97549599999911,35.913815000007155,35.35350700002164,36.022987000000285,1.7763260000065202,0.0012759999954141676,0.008061000000452623,0.057539000001270324
1700.0,0.6999993079584775,0.4810489999945276,0.004514000000199303,0.011138000001665205,2.639725000000908,2.3708299999998417,38.20374100000026,36.30911400000332,38.53185100000701,33.716950000001816,1.0339700000040466,0.0009770000033313408,0.0066229999938514075,0.13743299999987355
1700.0,0.8,1.1334860000060871,0.0051979999989271155,0.005242999992333353,1.8999119999998584,2.63257600000361,35.227742999995826,36.31822899999679,36.75431499999832,37.73741699999664,0.5319029999955092,0.0015830000002097222,0.012251000007381664,0.12359099999957834
1700.0,0.9,0.4846589999997377,0.00448800000049232,0.0045879999961471185,1.9017220000096131,2.4026539999995293,39.418122000002775,41.02906799999983,37.30504999999539,37.24293800001033,0.16366299999936018,0.0008190000007743947,0.008012999998754822,0.10685099999864177
1800.0,0.1,1.340754000000743,0.0015110000003915047,0.011532000000443077,2.012617999998838,3.3582009999990987,37.002360999998935,41.889398999999685,36.86647699999958,43.540406000000075,11.18267200000082,0.003118999999060179,0.017056000000593485,0.07004299999971407
1800.0,0.2,1.3249179999984335,0.005725999999413034,0.00607899998431094,2.022039000003133,3.6641299999901085,43.688082999999104,40.680174999986775,42.38790400000289,42.149741999999605,8.091877999991993,0.0027289999998174608,0.015457999994396232,0.07044599999971979
1800.0,0.3,0.5753550000008545,0.005100999998830957,0.005239999998593703,2.00762399999985,2.521338000000469,45.855793999988244,43.37906600002316,43.39733900001738,42.21785799999998,6.2466349999995145,0.002393000002484769,0.013850999966962265,0.0701710000012099
1800.0,0.4,1.3408950000011828,0.0058600000047590575,0.006049999996321276,1.994058999989648,3.775309999997262,42.34690999999293,42.44534200000089,42.813038000000226,43.241723000013735,4.642791999998735,0.002027999988058582,0.012119999999413269,0.06987500000104774
1800.0,0.5,0.5783040000005712,0.0051260000036563716,0.005280999999740743,2.045523000000685,2.575566000014078,45.31102800001099,38.14066500000081,42.10581000000093,36.77168299999903,3.2335130000010395,0.0017020000086631626,0.01041099999929429,0.06807500000104483
1800.0,0.6,0.5763160000060452,0.0049700000090524546,0.005198999977437779,2.080077999999048,2.5165830000041747,44.99629700000514,40.39913399999932,41.889323999988854,41.70422200000029,2.1091229999728967,0.0013820000021951273,0.008745999992243014,0.0643130000007659
1800.0,0.6999993827160493,0.5755109999881824,0.005051999993156643,0.005181000014999881,2.560486000002129,2.5771850000019185,41.262950000003904,43.4259730000049,40.65252800000053,43.461719999992056,1.2303500000125496,0.0011119999981019646,0.0071699999971315265,0.15428500000234635
1800.0,0.8,0.5762850000028266,0.005062999998699525,0.005209999999351568,2.1524069999995845,2.5044529999995566,44.190187999993206,41.6609679999965,43.92513300000064,40.923754999996156,0.5774170000076992,0.0007430000005115289,0.00538800000140327,0.053920000000289285
1800.0,0.9,1.3391320000009728,0.005675000007613562,0.005919000002904795,2.2745749999885447,3.946865999998408,44.58880500000669,43.86657500000729,41.866491000022506,42.94654900000023,0.19038499999987835,0.00036800000816583633,0.003370000000359141,0.04615899999953399
1900.0,0.1,1.5750840000000608,0.006429000000935048,0.006696999998894171,3.6075270000001183,4.4674379999996745,50.84050000000025,51.59095000000161,48.29772500000036,48.432704000000754,12.976129000000586,0.0034839999989344506,0.018976999999722462,0.07779200000004494
1900.0,0.2,0.6565969999992376,0.005578999998760993,0.005685000010998921,2.2092639999900707,2.818412000007811,51.4256489999825,50.691571999981534,48.03187999999501,49.40162599999894,9.544250000006286,0.002984999999171123,0.01719600000069477,0.07813700000042445
1900.0,0.3,0.6670909999957075,0.0057290000113425785,0.0057180000003427284,2.189980999999534,2.8100610000255983,48.700551999994794,48.58339499999421,47.850525999994716,48.06905300000108,7.354214000020875,0.002673000009963289,0.0153809999992518,0.0790740000011283
1900.0,0.4,1.5888799999956973,0.0063740000186953685,0.006752000001142733,2.201805000000604,3.9385099999926743,52.41031099999964,47.465409000025815,49.7284559999971,45.813861000002355,5.471458000014536,0.005701000016415493,0.03430099999241065,0.07890499999848544
1900.0,0.5,0.6665740000007645,0.005757999984780327,0.00581099998089485,2.225660000010976,2.802028000000064,52.04662500000086,45.76455700000042,48.02204500001972,48.13662499998463,3.84546500002034,0.0018949999939650297,0.011531000000104541,0.07642999999916356
1900.0,0.6,0.6771539999754168,0.00640199999907054,0.0057290000113425785,2.170427999997628,2.7790039999817964,50.04557999999997,48.247647000011064,50.90970000000015,48.16443399999116,2.4891999999999825,0.0015330000023823231,0.009636000000682543,0.07234400000197637
1900.0,0.6999994459833795,0.669318000000203,0.005714000000807573,0.005843000006279908,2.210713000007672,2.7820330000104154,53.201819999998406,48.65377099999751,48.69045000000007,49.2150660000043,1.447239000000991,0.0012369999894872306,0.007788999995682388,0.0675279999995837
1900.0,0.8,1.4957740000099875,0.006330000000161817,0.005662000010488555,2.170367000000624,2.807262999995146,50.61432900000364,51.59198500000639,51.63782200001879,45.07518299999357,0.6815620000124909,0.0008040000102482736,0.005766000002040528,0.06039499999860709
1900.0,0.9,0.6689740000001619,0.005709999997634441,0.0057489999999234,2.2009900000120983,2.7485900000010592,52.80731699999888,52.71222400001716,49.41493300000002,52.153489000000256,0.22021699999459088,0.00040499999886378646,0.0036100000143051147,0.0516170000009879
2000.0,0.1,0.7707999999984168,0.006486000002041692,0.006336999998893589,2.339555000002292,2.9962250000025965,55.32797799999935,58.44154700000036,53.48970399999962,56.652460999997864,13.997870999999574,0.003799999998591375,0.02080399999977089,0.0859889999992447
2000.0,0.2,1.822595999999976,0.006724000006215647,0.007418000008328819,2.401734999992186,3.9584719999984372,53.86912000000302,56.423353000000134,55.21830799998133,53.125583999999435,11.138864999998988,0.008442999998806044,0.0484569999971427,0.08638500000051863
2000.0,0.3,0.7729469999903813,0.006311000004643574,0.00631900000735186,2.3392800000001444,2.9889010000042617,56.26162899999872,55.4998429999996,56.38534800001071,55.91530899999998,8.592361999999412,0.0029349999967962503,0.01664800001890399,0.18176500000117807
2000.0,0.4,1.0458769999986544,0.006176999988383614,0.006530999991809949,2.373660999990534,3.023180999996838,58.79691799997818,56.30808400000387,56.47999300000083,58.630216999998076,6.3906710000010225,0.002507999999579625,0.014541000011377038,0.08678499999950873
2000.0,0.5,1.6055519999936223,0.006919999999809079,0.007227000009152106,2.400785000005272,3.8611020000007565,60.10234399998443,56.8073430000004,55.85707100000582,54.58311799999865,4.530112000000372,0.002091000002110377,0.012598999999681835,0.08529299999827344
2000.0,0.6,1.0632150000019465,0.006245000011404045,0.006410000001778826,2.4000970000051893,2.9944159999995463,56.88952400000017,55.654704999999005,55.218031999989755,55.338577999995316,2.9258369999879505,0.0016980000073090196,0.010622000001603736,0.20467900000039665
2000.0,0.6999995,1.2109959999797866,0.006347000002278946,0.006378999998560175,2.334077999999863,3.0220029999909457,60.195459999988095,57.84426499999972,54.156033999999636,56.51606500000344,1.6901999999972757,0.00128900000709109,0.008407999999690219,0.07426900000064053
2000.0,0.8,0.7730630000005476,0.006246999997529201,0.006326000002445653,2.3550279999999475,3.008939999999712,56.86766700000044,56.86908700002823,56.8522229999944,57.7213100000081,0.8017410000029486,0.0009879999997792763,0.006392000010237098,0.06718499999806228
2000.0,0.9,0.7736180000065359,0.006240000000616419,0.0073180000035790735,2.3325870000007853,3.093815000000177,63.57021000000168,57.70835000000079,54.590510999998514,57.81223600001249,0.2531359999993583,0.0004480000061448664,0.003939999995054677,0.15177799999946728
2100.0,0.1,2.1448679999994056,0.005895999998756452,0.008057999999437016,2.5998149999977613,4.653403000000253,65.23309200000222,65.89014899999893,65.38538400000107,62.00124499999946,16.176859999999582,0.004194999997707782,0.022699000001011882,0.09457199999815202
2100.0,0.2,0.9554739999875892,0.007293000002391635,0.007986999989952892,2.9851390000112588,5.369006000000808,67.12959099998989,64.28368500000215,62.6083890000009,66.33409000000029,12.870809000000007,0.0036860000109300017,0.02055800000380259,0.09568399999989197
2100.0,0.3,0.9099330000171904,0.006838000001152977,0.006932000000233529,2.598643999997876,3.3324739999952726,66.7643829999979,62.76536700001452,61.88115299999481,66.14766500000042,9.952280000001338,0.0032869999995455146,0.018102999980328605,0.09609299999647193
2100.0,0.4,1.6299770000005085,0.006853999999293592,0.007012000001850538,2.6003339999879245,3.3342280000033497,66.63231399998767,60.955340999993496,65.40066600000137,65.24348000000464,7.422111000021688,0.0027730000001611192,0.015870999995968305,0.09566300000005867
2100.0,0.5,0.9120619999994232,0.006928000002517365,0.0069890000013401715,2.8291709999975865,3.340216000011424,67.29800500000056,63.364708000000974,65.31360600001061,62.84135199999945,5.278592999995453,0.002301000000443309,0.013602000006358141,0.24081200000000536
2100.0,0.6,2.1382560000020017,0.007667999998375308,0.008088999980827793,2.5953169999993406,4.1053200000023935,67.32523099999526,68.13081299999612,65.476462000006,65.59037199999875,3.4247860000177752,0.001999999996769475,0.011535999998159241,0.08898299999782466
2100.0,0.6999995464852607,1.450513999996474,0.0068149999970046355,0.007069999999657739,2.599486999999499,3.336380999997345,68.32229900000675,66.93014000000039,65.0556729999953,63.45659300000989,1.9636089999985409,0.0014500000106636435,0.009015999996336177,0.0827320000025793
2100.0,0.8,0.9118390000003274,0.0068559999926947075,0.007073999997373903,2.600425999997242,3.334826999998768,66.2261679999974,62.70171499999925,65.6918509999814,63.12304099999892,0.9305590000003576,0.0010379999876022339,0.006737999996403232,0.07503200000428477
2100.0,0.9,1.110090999995009,0.006769999978132546,0.006959000020287931,2.831942999997409,3.3343600000007427,67.59325800000079,66.49379399997997,64.23667499999283,65.65398099999948,0.29100399999879306,0.0005310000015015248,0.004050999996252358,0.06439500000124099
2200.0,0.1,2.4513860000006398,0.006304999998974381,0.008699000001797684,2.823738999999477,3.789143999998487,80.30960599999891,74.53352499999892,73.07324000000153,73.73379600000044,18.608809000001198,0.0045780000000377186,0.025096000001212808,0.10441999999966356
2200.0,0.2,1.0357220000005327,0.007466999988537281,0.007546999986516313,2.8200179999985266,3.568541999993613,71.36562300000149,71.18201599999884,71.12764099999912,72.39195600000676,14.798569000005955,0.004140000004554167,0.022403999988455325,0.10557100000005447
2200.0,0.3,2.4646109999994223,0.008287000004202126,0.008709000001545064,2.8206569999965723,3.851710999999341,74.11650800000643,70.9637619999994,73.80165199999828,74.21744000000034,11.433070999999472,0.0035840000018652063,0.019887000002199784,0.10567299999820534
2200.0,0.4,1.0722999999998135,0.007504000001063105,0.007591000001411884,2.8187900000011723,3.5683310000022166,74.82589999999618,72.40271999999824,73.49316000001272,72.61909699998796,8.563624000002164,0.007892000001447741,0.044861000002129,0.2671670000017912
2200.0,0.5,2.0403059999953257,0.00738900000214926,0.008568999997805804,2.822244999999384,3.568989999999758,73.04932600000029,71.2914009999986,74.51192099999753,74.53517099999591,6.066904999985128,0.0025270000041928147,0.014714999997522682,0.10311299999739276
2200.0,0.6,1.0361339999944903,0.00760900000022957,0.0075849999993806705,2.8217439999971248,3.5706989999998773,72.70561999999336,74.3151549999893,74.67373099999895,69.9594999999972,3.9711609999976654,0.002039999992121011,0.012259999999514548,0.09790400000201772
2200.0,0.6999995867768595,2.463384999995469,0.007516999998188113,0.008645000008982606,2.817656999999599,3.622580999988713,74.38265400000091,73.07987499999581,69.26297900000645,75.62335600000007,2.2882429999881424,0.0015310000017052516,0.009896999996271916,0.18579700000191224
2200.0,0.8,2.338143000000855,0.0074480000002949956,0.007656999998289394,2.821739000006346,3.571169999999256,74.27471199999854,69.70273099999758,73.78098500000122,71.7936800000025,1.0730010000115726,0.0010929999989457428,0.0072419999924022704,0.08289099999819882
2200.0,0.9,1.0345909999996366,0.0074499999900581315,0.007546000008005649,2.821570999993128,3.571340999998938,76.87747999999557,72.84986299999946,72.73566199999186,74.92825699999958,0.3332139999838546,0.0005530000053113326,0.00435600004857406,0.07087600000159
2300.0,0.1,2.8158279999988736,0.009113000000070315,0.009437999997317092,3.043627999999444,4.8390919999983435,81.21694200000275,78.06859199999963,87.06833800000095,78.00192500000048,21.25600100000156,0.005023000001528999,0.0270009999985632,0.11444599999958882
2300.0,0.2,2.8171279999951366,0.00934899999992922,0.009557999990647659,3.0430880000058096,4.420329000000493,83.30488100000365,79.44627500000206,80.48389400000451,78.77525799999785,16.906999999991967,0.004532999999355525,0.024228999987826686,0.11607800000274435
2300.0,0.3,2.02651200001128,0.008285999996587634,0.008373000018764287,3.0442079999920684,3.804314000008162,82.27649300001212,84.32484699999986,83.42328499999714,81.19065799999224,13.05198499999824,0.0039530000067316,0.021453000023029745,0.11559199999828705
2300.0,0.4,2.333527000002505,0.00811999999859836,0.00842700000066543,3.0452450000011595,3.851894999999786,81.0308270000023,80.97333100000105,81.08829900001001,81.1873919999998,9.74420299999474,0.003400999994482845,0.018621999999595573,0.11519500000213155
2300.0,0.5,2.6161429999920074,0.008474999980535358,0.009342999997898005,3.055376999996952,4.3965039999748114,79.57412599999225,78.8094549999987,79.95933700000023,81.38647999999739,6.930779000016629,0.002869000018108636,0.015928000007988885,0.11384000000180095
2300.0,0.6,1.6623629999958212,0.008157000000210246,0.008390000002691522,3.0472299999964885,3.8052889999962654,86.71247399999994,81.098988999991,80.72608300000137,82.87711099999797,4.5830300000015995,0.002234999992651865,0.013235999998869373,0.10814600000230712
2300.0,0.6999996219281663,2.794554000000062,0.008268000005045906,0.009468000000197208,3.0446380000066715,4.3420310000074105,82.63380700000198,80.45034500000111,82.67461600000024,82.47904500000004,2.646152000001166,0.0017189999925903974,0.01065000001108274,0.1900250000035157
2300.0,0.8,2.8155249999981606,0.009125000000494763,0.009424000018043444,3.043928999992204,5.34603299999435,82.94447700000093,82.36092199999985,85.47754399999758,84.59291400000075,1.2298280000104571,0.0011900000099558385,0.007794000004651025,0.09064500000022237
2300.0,0.9,2.7932099999998172,0.009345999998913612,0.009434999999939464,3.044321000001218,4.3336060000001435,89.35892199999945,80.61613199999556,83.91354200000205,86.16422500000044,0.3744389999774285,0.0006339999999909196,0.004694000002928078,0.07824100000289036
2400.0,0.1,1.9225289999994857,0.010062000001198612,0.010172000002057755,3.3318059999983234,5.813159999997879,94.76423000000068,95.00958000000172,91.15017100000117,97.9644819999994,24.17783000000054,0.0053909999987809,0.02966899999955785,0.1314779999993334
2400.0,0.2,3.1583819999978004,0.010054999998828862,0.010346000010031277,3.332274000000325,5.740343999990728,94.68387300000177,90.08673900000211,89.46274800000174,94.94353299999784,19.19854700000724,0.004941999999573454,0.02634000000034576,0.12680099999852246
2400.0,0.3,2.4389309999969555,0.008856000000378117,0.009118000001762994,3.3322470000020985,4.3536310000017675,96.2193210000114,91.58296999999949,91.30144599999771,93.30579500000022,14.82371900000726,0.0043900000164285285,0.023249999998370185,0.12605900000198744
2400.0,0.4,2.4261589999950957,0.00889699999243021,0.009122000003117137,3.332101000007242,4.6202159999993455,92.79959800000142,90.94969500000298,87.7278740000038,92.8620669999982,11.075862999998208,0.003756000005523674,0.02017600000544917,0.124813999998878
2400.0,0.5,3.157818000003317,0.010055999999167398,0.010281999999278923,3.333559000002424,4.647016000002624,91.82732800001396,90.39642800000729,88.30326200000125,87.34786600000004,7.879765999998199,0.0030970000079832967,0.01719099999172613,0.12270899999930407
2400.0,0.6,3.155641999997897,0.009008000000903849,0.010250999999698251,3.3314189999982773,5.399429999990388,97.22063500000513,90.22733599999628,89.51182100000004,88.8481000000029,5.236739000003581,0.002428999985568225,0.01421000002301298,0.11743799999749173
2400.0,0.6999996527777778,3.1580360000079963,0.004381999999168329,0.010372999997343868,3.3331900000048336,4.745464999999967,91.62241700000229,94.28146900000866,88.99909199999821,91.36354899998696,3.0344420000001264,0.0018260000215377656,0.01136800000676885,0.10897599999952944
2400.0,0.8,3.158950000011828,0.010245000001305016,0.010328000003937632,3.3326079999969807,4.397604999998293,96.43497299999581,89.88725300000078,89.91275400000086,89.94933899999887,1.406353999991552,0.0013129999861121178,0.00836499998695217,0.09885799999756273
2400.0,0.9,3.1595180000003893,0.010016999993240459,0.010538000002270564,3.331881000020076,5.711101000000781,96.3870670000033,94.22668300000078,96.5921260000032,91.12902100000065,0.4304160000028787,0.0006649999995715916,0.0049589999980526045,0.08511099999668659
2500.0,0.1,1.7917670000024373,0.010937999999441672,0.011314000003039835,3.554374999999709,6.2900730000037575,102.94871899999998,106.05263600000036,102.88477300000523,102.75034299999969,27.260328999997,0.0059350000010454105,0.031302000003051944,0.13584999999875436
2500.0,0.2,3.582843999989564,0.009911000001011416,0.011045999999623746,3.5528440000198325,6.815525999998499,102.70644899999023,104.16130599999451,102.86383799999749,100.42465699999592,21.695915999996945,0.0053550000011455285,0.0282100000185892,0.13753300000098534
2500.0,0.3,3.565889999998036,0.010784999991301449,0.011067000014008954,3.5542439999990165,7.705057000013768,103.25647200000822,100.42638000000444,104.56866900000023,104.92245000001276,16.76789600000484,0.0047799999883864075,0.025178999996569473,0.13734900000417838
2500.0,0.4,3.5814339999924414,0.010612000005494338,0.011073999979998916,3.5588100000022678,5.522537999997438,105.98063499999992,100.11758700000065,100.82641900000452,102.74751200000172,12.559204999997744,0.004147999992710538,0.021947999994154088,0.1356870000017807
2500.0,0.5,3.5765200000023465,0.009664999997767154,0.010966000001644716,3.5526559999998426,5.317630999983522,102.67446999999815,102.66515600000277,105.3942559999996,104.67942100000073,8.912041999996289,0.003425999995670281,0.01858999999967636,0.13395399999717486
2500.0,0.6,3.58099200000288,0.009429999976418912,0.011162999988300726,4.9234379999979865,7.714654999988853,103.43509899999479,102.5465669999976,104.98903100000099,102.36820500000613,5.925214999995659,0.002628000002005137,0.015381000004708769,0.12819200000012645
2500.0,0.69999968,2.2109029999992345,0.009593999999196969,0.010909999982686713,3.552605999997468,7.013814000001731,104.81586500000047,107.82084500000929,102.76103499999954,106.98774699999922,3.4618759999866597,0.001990999997360632,0.01214399999298621,0.11866699999882258
2500.0,0.8,3.567410999999993,0.010737999997218141,0.011171999998623505,3.5514810000022408,5.929276000009849,104.74618399998873,100.79228900000088,104.82576999999584,101.0956640000004,1.6014419999992242,0.0013330000001587905,0.008946999994805083,0.10853800000040792
2500.0,0.9,1.9140589999879007,0.010695000004488977,0.011046999992686324,3.555677000003925,6.277086999994936,108.4016100000008,105.04300199999851,105.16976299999806,108.21614200000477,0.481197000015527,0.000703999976394698,0.0053779999871039754,0.09358699999575038
2600.0,0.1,3.996159000002081,0.011807999995653521,0.012091000004147643,3.848257999998168,5.414376999993691,120.69089199999873,113.2242879999976,110.79005000000325,114.2665759999945,30.6088579999996,0.006320000000414439,0.03374400000029708,0.14656299999478506
2600.0,0.2,2.1403949999948964,0.011490000004414469,0.012098999999579974,3.8484400000015735,7.1624029999948124,116.1313700000028,111.01273200000288,116.30485600000247,117.20906600000308,24.38387599999988,0.005758999992394821,0.03044800000498072,0.14984299999923678
2600.0,0.3,2.21539899999334,0.010470000001078006,0.011995000008028,3.848644999990938,6.4187609999935376,120.76436100000863,117.61790299999849,116.19872499999474,116.47281700000168,18.854827999995905,0.005184000008739531,0.026764000009279698,0.148564000002807
2600.0,0.4,1.698709999996936,0.010527999984333292,0.010540999996010214,3.8498909999907482,7.144876000005753,111.53740099997955,117.85167500001265,113.91264000000956,117.1247619999922,14.119587000001047,0.004612000018823892,0.023390999995172024,0.14754000000539236
2600.0,0.5,4.027145000000019,0.011732999992091207,0.012010999998892656,3.8475370000087423,6.322331999996095,112.89660799999548,116.7613260000071,120.71699900000385,116.96566899999745,10.006139999983134,0.0037690000026486814,0.01995399999577785,0.14513499999884516
2600.0,0.6,2.5336890000035046,0.011776999992434868,0.012080000014975669,4.693745000011403,8.399499000006474,119.27866399998312,112.33809499999916,115.44025600000168,114.99099900000151,6.670249999995576,0.002903000000515021,0.01655400000163354,0.13963499999954365
2600.0,0.6999997041420118,4.027070999989519,0.0116039999993518,0.011843999993288893,3.849923999994644,4.919638999999734,115.54835299999831,112.2953889999917,118.070888000002,114.97633099999805,3.93690100000822,0.00217500000144355,0.013132000021869315,0.12810800000443126
2600.0,0.8,1.7003189999959432,0.010379999992437659,0.010540999996010214,3.846934000001056,7.271076000004539,116.84901299999909,119.07339899999351,118.66440599999625,116.22401600000013,1.830999999991036,0.0014640000008512286,0.009588000000803731,0.11739900000247873
2600.0,0.9,4.030536999984179,0.010571999999228865,0.011984999990090728,4.520122000016271,8.404838999995263,119.23741199998769,118.721893000009,120.9004200000054,119.83467999999992,0.5459510000073351,0.0007590000022901223,0.005666999990353361,0.10144999999465654
2700.0,0.1,1.893645000003744,0.00632200000109151,0.012839999995776452,6.3071019999988485,8.958983999997145,126.74136700000237,124.8718130000052,122.18613200000256,129.36019099999976,34.43222200000309,0.006884999995236285,0.036349999994854436,0.15837800000008428
2700.0,0.2,2.468990000023041,0.01246900000842288,0.012801999997464009,4.853711000003387,9.17057700001169,132.38828399998602,126.63769100001082,132.85938399999577,129.2125939999969,27.28062700000009,0.0061879999993834645,0.032691999993403435,0.161192999999912
2700.0,0.3,4.5149880000026315,0.012610999998287298,0.012754000003042163,4.164694999999482,6.888424000004307,132.519048999995,128.26220899999316,128.75147099999595,129.410401000001,21.14065099999425,0.005526999972062185,0.028931000008014962,0.16150199999538015
2700.0,0.4,4.516418999999587,0.012797999996109866,0.012902999995276332,4.1640669999978845,7.625496000022395,132.2042720000027,127.13459899999724,129.0852679999953,129.2915240000002,15.732354000007035,0.004894999998214189,0.025046999973710626,0.16027700000995534
2700.0,0.5,4.512728999994579,0.012430000002495944,0.012824000004911795,4.164714999991702,7.690411999996287,124.25726899999428,129.09637000001385,127.02994300000135,128.1894049999828,11.193043999999645,0.004125000006752089,0.021527000004425645,0.15773600000102306
2700.0,0.6,4.514279000002715,0.01255200000014156,0.01286200000322424,4.1978610000005565,9.170539999991886,128.55066900000386,129.65850299999877,132.74391099999778,126.38951699998873,7.464802999980747,0.0032060000230558217,0.017690999993646983,0.15139800000179093
2700.0,0.6999997256515775,4.518202999985078,0.012178000004496424,0.012903000002552293,4.164801000006264,6.188993999996455,132.73817000000415,128.19477799999004,129.93614000000522,128.57062499999302,4.429561999997532,0.002369000001635868,0.014002000003529249,0.14031100000283914
2700.0,0.8,1.8936529999919005,0.012476999996579252,0.012682000000495464,4.16366299999936,7.094712999998594,130.87870400000247,128.14595100000588,131.5772270000016,131.246885999979,2.069515000002866,0.0015679999996791596,0.010310000012395905,0.1279359999971348
2700.0,0.9,2.0370419999962905,0.012623000002349729,0.012832000000344124,4.170982999989064,9.174350999994203,131.84741800000484,131.82365199999182,133.86076100000358,132.33834799999022,0.6176449999911711,0.0008290000041597523,0.006030999997165054,0.11028399999486282
2800.0,0.1,2.0933409999997816,0.011984000004304107,0.01217799999722047,5.486111999998684,9.966733000001113,137.37529399999772,139.09937300000456,140.97548500000266,141.20786999999837,38.19525499999872,0.0073279999996884735,0.03899400000227615,0.17291099999420112
2800.0,0.2,4.9792449999949895,0.012036999993142672,0.013770999998087063,4.5316819999716245,9.973915000009585,144.61596199999622,140.88192399998658,144.5768689999968,141.89280299999518,30.428501000016688,0.006633000004512724,0.03491400001803413,0.17631400000391295
2800.0,0.3,4.9873700000025565,0.013465999996697064,0.013693999993847685,4.529833000007784,6.544846000004327,142.71887300000523,141.72954900000332,142.07408099999884,141.91001499999402,23.537923999996572,0.005928999999014195,0.031005999997432813,0.1740559999961988
2800.0,0.4,2.605964000002132,0.013455000000249129,0.013788999989628792,4.696963000002143,10.006552999984706,148.57591300000792,141.69152600000965,141.89775699999882,138.98617899999954,17.562128000005032,0.005275000003166497,0.026905000006081536,0.17280000000755535
2800.0,0.5,2.5580600000103004,0.013669000007212162,0.013688000006368384,4.548429999995278,9.885229999999863,141.8851330000034,141.07918199998673,140.0915039999818,138.52562900000342,12.520821999991313,0.004591000004438682,0.02293400000053225,0.16750300000421706
2800.0,0.6,2.0935870000030263,0.01205399999889778,0.012246999991475604,4.530810999975074,7.691382999997586,142.30594199999902,142.22278499999808,142.23463500000068,142.90284900000552,8.313890999997966,0.0035659999994095406,0.01887900000292575,0.16193299999576993
2800.0,0.6999997448979591,2.2344849999935827,0.012711999996099621,0.013667000021087006,5.030231000011554,10.012050999997882,144.4592419999972,141.3027640000073,142.5722950000054,142.97369199999957,4.941823000001024,0.0025909999967552717,0.014945000002626331,0.1511739999987185
2800.0,0.8,2.0919880000001285,0.012047000003803987,0.012306000004173256,4.532031999988249,7.826570999997783,143.60234700000728,145.23166800000763,145.267629000009,141.1216180000047,2.3333399999974063,0.0017070000030798838,0.010922000001301058,0.1378310000000056
2800.0,0.9,4.984666999996988,0.012113999982830135,0.013424999997369014,4.536502000002656,9.671195999981137,148.41423799999757,146.2829859999911,146.93647099999362,148.01953100001262,0.6843170000065584,0.0008959999831859023,0.006424999999580905,0.1180850000018836
2900.0,0.1,2.488646999998309,0.01451900000392925,0.014602999995986462,4.866130000002158,10.86163099999976,157.7056900000025,150.83890099999553,156.50389699999502,157.49084700000094,42.47400699999707,0.007987999997567384,0.04193200000008801,0.1832570000042324
2900.0,0.2,2.330840000002354,0.012912000005599113,0.013087999999697786,4.8670080000010785,7.993924999995215,152.05253399998762,155.73286799999187,156.13731800000826,159.5530360000121,33.80888099997537,0.00720500000170432,0.037333000000217005,0.18597500000032605
2900.0,0.3,5.590673999999126,0.013131999992765486,0.014641000001574866,6.69096300000092,10.867556000011973,156.37444099999266,155.9722699999984,159.0018829999972,155.9113780000043,26.15026799999759,0.006434000009903684,0.033100000000558794,0.18677499999466812
2900.0,0.4,2.5057600000000093,0.013566000008722769,0.014637999993283303,5.026964000004226,10.874488999979803,164.81953200000862,156.62639099999797,156.48302800000238,162.18679900001734,19.488733999998654,0.005654000007780269,0.028869000001577664,0.18524499999330146
2900.0,0.5,3.2835719999857247,0.0135149999987334,0.014782999991439285,7.469415999999911,10.869326000014553,156.38956099999632,153.94544399998267,159.10338699999556,155.3532940000005,13.843538999994054,0.0048839999944902965,0.02465200000006007,0.18098800000007031
2900.0,0.6,2.3437819999817293,0.013181999995140359,0.013241999986348674,6.357191999995848,10.871392000000922,152.29457700000785,155.21852500000386,158.21370300000126,152.0543869999965,9.229330000001935,0.0039020000112941493,0.02024600000004284,0.1739439999946626
2900.0,0.6999997621878716,3.039055999994161,0.014605000003939494,0.014693000004626809,7.697641999999178,10.8700300000055,153.85159600000043,157.19879799999762,156.3044450000016,156.86447699999553,5.505055000016,0.0028460000030463557,0.015881999999692198,0.16207700000086336
2900.0,0.8,5.594184999994466,0.013261000014608726,0.014718999998876825,6.655085999998847,10.875003000008292,154.43758900000833,156.70221100001072,160.1503349999839,160.01930200000058,2.614536000000953,0.0018299999937880784,0.01163800002541393,0.15303100000164704
2900.0,0.9,2.3343939999904246,0.012909000004583504,0.013143999996827915,5.5390190000034645,10.753430999997363,162.9708979999996,162.65205599999902,159.34114599999157,161.56594099999347,0.7567839999974241,0.0009800000116229057,0.0068270000047050425,0.12804999999934807
3000.0,0.1,2.57172000000719,0.015624000006937422,0.01384200000029523,8.332848999998532,11.781113999997617,170.98927299999926,169.81957700000203,168.04815100000997,170.85447400000703,47.01550600001065,0.0084869999991497,0.04512999999860767,0.1956610000052024
3000.0,0.2,2.576934999990044,0.013923999998951327,0.014036999986274168,7.456850999995368,11.69591899999068,173.8611450000026,173.79246900000726,173.75444199997582,173.12472000002163,37.411924,0.007691000006161629,0.03989099999307655,0.19888300000457093
3000.0,0.3,2.5727029999980005,0.013881999999284744,0.013963999997940846,5.255271999994875,11.295160000008767,177.2649110000057,176.77784500000416,178.6432420000201,172.5733599999803,28.919253000000023,0.006889999989653006,0.035241000005044036,0.2002599999832455
3000.0,0.4,3.3350840000057365,0.015493999992031602,0.015786000003572553,5.255451999997604,11.185750000004196,175.36878200000496,174.36068799998608,176.9649930000014,172.50112999998962,21.567100999993272,0.006025000009685755,0.030720999988261614,0.20003900000301653
3000.0,0.5,2.8322519999928772,0.015485000010812657,0.01399800000945106,5.253602999990108,10.953961999999592,176.86403500000594,177.8660910000035,170.47102599998468,175.34421499999007,15.320830000004207,0.0052509999950416395,0.026073000015458092,0.19373199999972712
3000.0,0.6,3.02165400001104,0.013847999995050486,0.013940000004367905,6.151378999995358,11.430455000001528,171.0225860000064,174.99677199998402,177.82470500000636,173.0323040000003,10.199977000003855,0.0042600000160746285,0.021407000000181142,0.18612800000119026
3000.0,0.6999997777777778,6.169201000011526,0.015526000002864747,0.01567700001760386,6.517721000011079,11.781982000014978,177.84498100000198,178.023577999993,174.24808900000062,171.70101400002022,6.092311000014888,0.003105999989202246,0.01694500001030974,0.17419499999959953
3000.0,0.8,2.577023999998345,0.013835999998264016,0.013908000008086674,6.770775000011781,11.761909000000742,177.65290899999673,172.81307699999888,173.95150899999138,173.32234199999942,2.9285470000031637,0.001961000001756475,0.012377999999444,0.15784400000120513
3000.0,0.9,2.832989999995334,0.015493999999307562,0.015642999998817686,8.043730000004869,11.746297999983652,184.3450620000076,178.4544460000179,177.56975399999646,179.93578500000874,0.8388210000048275,0.001041999988956377,0.007372000007308087,0.1369909999993979
